Library,Detector,Model,Accuracy (%),Precision (%),Recall (%),F1 Score (%),Processing Time (s),Avg CPU Usage (%),Avg RAM Usage (%),Image,Normalized Processing Time (%)
DeepFace,retinaface,VGG-Face,100.0,100.0,100.0,100.0,12.287341594696045,93.70833333333331,42.86333333333333,test_image_001.jpg,76.81832047350592
DeepFace,opencv,VGG-Face,50.0,50.0,100.0,66.66666666666666,1.903167486190796,58.437500000000014,42.575,test_image_001.jpg,96.4094252275722
DeepFace,ssd,VGG-Face,0.0,0.0,0.0,0.0,0.09584712982177734,10.0,42.4,test_image_001.jpg,99.81917183387968
DeepFace,mtcnn,VGG-Face,100.0,100.0,100.0,100.0,3.291255235671997,55.64999999999999,43.74666666666665,test_image_001.jpg,93.79061585248202
DeepFace,yunet,VGG-Face,100.0,100.0,100.0,100.0,0.7144730091094971,57.578125,43.724999999999994,test_image_001.jpg,98.65205307430732
DeepFace,retinaface,ArcFace,100.0,100.0,100.0,100.0,11.932863235473633,95.20333333333332,42.94999999999998,test_image_001.jpg,77.48709033387333
DeepFace,opencv,ArcFace,50.0,50.0,100.0,66.66666666666666,1.324293851852417,51.46964285714286,42.657142857142865,test_image_001.jpg,97.50154616961241
DeepFace,ssd,ArcFace,0.0,0.0,0.0,0.0,0.0735771656036377,29.424999999999997,42.5,test_image_001.jpg,99.86118703868154
DeepFace,mtcnn,ArcFace,100.0,100.0,100.0,100.0,2.9665117263793945,49.1475,44.263333333333335,test_image_001.jpg,94.40328702327292
DeepFace,yunet,ArcFace,100.0,100.0,100.0,100.0,0.42487311363220215,42.12,43.9,test_image_001.jpg,99.1984212139185
DeepFace,retinaface,DeepFace,0.0,0.0,0.0,0.0,6.144098281860352,92.21749999999999,43.00666666666667,test_image_001.jpg,88.40835373122115
DeepFace,opencv,DeepFace,0.0,0.0,0.0,0.0,0.673372745513916,44.056250000000006,42.71249999999999,test_image_001.jpg,98.72959410560237
DeepFace,ssd,DeepFace,0.0,0.0,0.0,0.0,0.05293703079223633,24.762500000000003,42.7,test_image_001.jpg,99.90012735680438
DeepFace,mtcnn,DeepFace,0.0,0.0,0.0,0.0,2.459934949874878,48.02799999999999,44.12399999999999,test_image_001.jpg,95.35901047231916
DeepFace,yunet,DeepFace,0.0,0.0,0.0,0.0,0.05287909507751465,0.0,45.1,test_image_001.jpg,99.90023666011962
DeepFace,retinaface,DeepID,0.0,0.0,0.0,0.0,11.720079898834229,98.98416666666665,42.70666666666668,test_image_001.jpg,77.88853397247794
DeepFace,opencv,DeepID,50.0,50.0,100.0,66.66666666666666,0.768653392791748,48.34444444444445,42.5,test_image_001.jpg,98.54983468300887
DeepFace,ssd,DeepID,0.0,0.0,0.0,0.0,0.05669546127319336,17.275,42.5,test_image_001.jpg,99.89303658535795
DeepFace,mtcnn,DeepID,0.0,0.0,0.0,0.0,2.713047504425049,47.70357142857142,44.07857142857141,test_image_001.jpg,94.88148048110875
DeepFace,yunet,DeepID,0.0,0.0,0.0,0.0,0.14018940925598145,21.25,44.1,test_image_001.jpg,99.7355143150099
DeepFace,retinaface,Dlib,100.0,100.0,100.0,100.0,11.73806095123291,97.72583333333333,42.69000000000001,test_image_001.jpg,77.85461036165921
DeepFace,opencv,Dlib,50.0,50.0,100.0,66.66666666666666,0.8448166847229004,56.833333333333336,42.699999999999996,test_image_001.jpg,98.40614265559809
DeepFace,ssd,Dlib,0.0,0.0,0.0,0.0,0.0703427791595459,62.4375,42.7,test_image_001.jpg,99.86728913240408
DeepFace,mtcnn,Dlib,100.0,100.0,100.0,100.0,2.7286128997802734,49.537962962962965,44.22592592592594,test_image_001.jpg,94.85211432374696
DeepFace,yunet,Dlib,100.0,100.0,100.0,100.0,0.1658334732055664,57.575,44.9,test_image_001.jpg,99.68713342906685
DeepFace,retinaface,Facenet,100.0,100.0,100.0,100.0,12.002277851104736,92.76666666666667,43.583333333333336,test_image_001.jpg,77.35613056836068
DeepFace,opencv,Facenet,50.0,50.0,100.0,66.66666666666666,1.406625509262085,43.058333333333316,43.08666666666668,test_image_001.jpg,97.34621671268741
DeepFace,ssd,Facenet,0.0,0.0,0.0,0.0,0.05838322639465332,27.049999999999997,43.0,test_image_001.jpg,99.8898523953637
DeepFace,mtcnn,Facenet,100.0,100.0,100.0,100.0,3.0510690212249756,47.33250000000001,44.53000000000001,test_image_001.jpg,94.24375860977267
DeepFace,yunet,Facenet,100.0,100.0,100.0,100.0,0.4521656036376953,32.325,44.620000000000005,test_image_001.jpg,99.14693035628167
DeepFace,retinaface,Facenet512,100.0,100.0,100.0,100.0,12.006268501281738,92.53250000000001,43.69333333333334,test_image_001.jpg,77.34860168403752
DeepFace,opencv,Facenet512,50.0,50.0,100.0,66.66666666666666,1.4163157939910889,42.440000000000005,43.10666666666666,test_image_001.jpg,97.32793472114538
DeepFace,ssd,Facenet512,0.0,0.0,0.0,0.0,0.07495570182800293,20.4125,43.0,test_image_001.jpg,99.8585862495098
DeepFace,mtcnn,Facenet512,100.0,100.0,100.0,100.0,3.0042223930358887,47.25416666666667,44.26999999999998,test_image_001.jpg,94.33214091063138
DeepFace,yunet,Facenet512,100.0,100.0,100.0,100.0,0.4644622802734375,30.966666666666665,44.6,test_image_001.jpg,99.12373106497738
DeepFace,retinaface,GhostFaceNet,100.0,100.0,100.0,100.0,11.966033697128296,94.17083333333333,43.27999999999998,test_image_001.jpg,77.42450991272216
DeepFace,opencv,GhostFaceNet,50.0,50.0,100.0,66.66666666666666,1.3028020858764648,41.86607142857142,42.728571428571435,test_image_001.jpg,97.54209320148853
DeepFace,ssd,GhostFaceNet,0.0,0.0,0.0,0.0,0.08300018310546875,14.525,42.55,test_image_001.jpg,99.84340928177484
DeepFace,mtcnn,GhostFaceNet,0.0,0.0,0.0,0.0,2.9642984867095947,47.292500000000004,44.17000000000001,test_image_001.jpg,94.40746258983833
DeepFace,yunet,GhostFaceNet,0.0,0.0,0.0,0.0,0.4072592258453369,30.279999999999994,44.9,test_image_001.jpg,99.23165212059946
DeepFace,retinaface,OpenFace,100.0,100.0,100.0,100.0,11.76715350151062,96.84,42.59666666666667,test_image_001.jpg,77.79972345451588
DeepFace,opencv,OpenFace,50.0,50.0,100.0,66.66666666666666,0.9626786708831787,42.606818181818184,42.60000000000001,test_image_001.jpg,98.1837805791093
DeepFace,ssd,OpenFace,0.0,0.0,0.0,0.0,0.06252741813659668,9.55,42.6,test_image_001.jpg,99.88203383476475
DeepFace,mtcnn,OpenFace,100.0,100.0,100.0,100.0,2.7875094413757324,47.72678571428571,44.13928571428571,test_image_001.jpg,94.74099828274146
DeepFace,yunet,OpenFace,100.0,100.0,100.0,100.0,0.23062920570373535,28.641666666666666,43.76666666666667,test_image_001.jpg,99.56488779164555
DeepFace,retinaface,SFace,100.0,100.0,100.0,100.0,11.71190333366394,99.02,43.49666666666667,test_image_001.jpg,77.90396013377934
DeepFace,opencv,SFace,0.0,0.0,0.0,0.0,0.8078196048736572,46.18333333333334,43.300000000000004,test_image_001.jpg,98.47594249324982
DeepFace,ssd,SFace,0.0,0.0,0.0,0.0,0.057708740234375,37.5,43.3,test_image_001.jpg,99.89112490186092
DeepFace,mtcnn,SFace,100.0,100.0,100.0,100.0,2.7177727222442627,49.35648148148149,44.81111111111109,test_image_001.jpg,94.8725657387022
DeepFace,yunet,SFace,100.0,100.0,100.0,100.0,0.14753031730651855,30.1375,45.8,test_image_001.jpg,99.72166473033369
FaceRecognition,-,hog,100.0,100.0,100.0,100.0,0.8169686794281006,28.410000000000004,45.5,test_image_001.jpg,98.45868156559915
InsightFace,-,buffalo_l,100.0,100.0,100.0,100.0,1.3077468872070312,71.48863636363636,47.88181818181818,test_image_001.jpg,97.53276418602297
DeepFace,retinaface,VGG-Face,100.0,100.0,100.0,100.0,11.965725898742676,92.80833333333334,44.23333333333334,test_image_002.jpg,77.42509061469738
DeepFace,opencv,VGG-Face,100.0,100.0,100.0,100.0,0.9493284225463867,58.88000000000001,43.94999999999999,test_image_002.jpg,98.20896757144263
DeepFace,ssd,VGG-Face,0.0,0.0,0.0,0.0,0.8854646682739258,53.83,43.779999999999994,test_image_002.jpg,98.32945490985455
DeepFace,mtcnn,VGG-Face,100.0,100.0,100.0,100.0,1.5552780628204346,54.35937500000001,43.543749999999996,test_image_002.jpg,97.06576419732215
DeepFace,yunet,VGG-Face,100.0,100.0,100.0,100.0,0.7956817150115967,57.378125000000004,43.300000000000004,test_image_002.jpg,98.49884221250494
DeepFace,retinaface,ArcFace,100.0,100.0,100.0,100.0,11.618768453598022,94.55166666666668,43.040000000000006,test_image_002.jpg,78.07967128543794
DeepFace,opencv,ArcFace,100.0,100.0,100.0,100.0,0.6320669651031494,49.52142857142858,43.0,test_image_002.jpg,98.8075228712914
DeepFace,ssd,ArcFace,100.0,100.0,100.0,100.0,0.5848565101623535,44.39285714285715,42.97142857142857,test_image_002.jpg,98.89659157897752
DeepFace,mtcnn,ArcFace,100.0,100.0,100.0,100.0,1.2534444332122803,47.12115384615384,42.82307692307692,test_image_002.jpg,97.63521287895685
DeepFace,yunet,ArcFace,100.0,100.0,100.0,100.0,0.4948403835296631,42.42916666666667,42.666666666666664,test_image_002.jpg,99.06641879373616
DeepFace,retinaface,DeepFace,0.0,0.0,0.0,0.0,5.913727760314941,97.3625,43.546666666666674,test_image_002.jpg,88.84297789802402
DeepFace,opencv,DeepFace,0.0,0.0,0.0,0.0,0.2572195529937744,39.1875,43.1,test_image_002.jpg,99.51472161822021
DeepFace,ssd,DeepFace,0.0,0.0,0.0,0.0,0.18969130516052246,27.041666666666668,43.1,test_image_002.jpg,99.64212250377317
DeepFace,mtcnn,DeepFace,0.0,0.0,0.0,0.0,0.7187902927398682,46.390625,43.0125,test_image_002.jpg,98.6439079531863
DeepFace,yunet,DeepFace,0.0,0.0,0.0,0.0,0.14491033554077148,21.4125,43.0,test_image_002.jpg,99.72660766914522
DeepFace,retinaface,DeepID,0.0,0.0,0.0,0.0,11.454912900924683,98.32416666666667,42.63666666666666,test_image_002.jpg,78.38880625018487
DeepFace,opencv,DeepID,0.0,0.0,0.0,0.0,0.3533632755279541,36.8,42.3,test_image_002.jpg,99.33333389109511
DeepFace,ssd,DeepID,0.0,0.0,0.0,0.0,0.3055698871612549,38.4125,42.3,test_image_002.jpg,99.42350237905188
DeepFace,mtcnn,DeepID,0.0,0.0,0.0,0.0,0.9803617000579834,44.69772727272727,42.28181818181818,test_image_002.jpg,98.15041922814262
DeepFace,yunet,DeepID,0.0,0.0,0.0,0.0,0.2150728702545166,23.90833333333333,42.2,test_image_002.jpg,99.59423685630783
DeepFace,retinaface,Dlib,100.0,100.0,100.0,100.0,11.570914030075073,98.37750000000001,42.803333333333335,test_image_002.jpg,78.16995492421242
DeepFace,opencv,Dlib,0.0,0.0,0.0,0.0,0.39163994789123535,57.495000000000005,42.5,test_image_002.jpg,99.26111993454252
DeepFace,ssd,Dlib,100.0,100.0,100.0,100.0,0.3355977535247803,53.631249999999994,42.45,test_image_002.jpg,99.36685087558882
DeepFace,mtcnn,Dlib,100.0,100.0,100.0,100.0,1.0251691341400146,52.37954545454544,42.38181818181818,test_image_002.jpg,98.06588413409571
DeepFace,yunet,Dlib,100.0,100.0,100.0,100.0,0.24451708793640137,51.462500000000006,42.3,test_image_002.jpg,99.53868648253908
DeepFace,retinaface,Facenet,100.0,100.0,100.0,100.0,11.858667612075806,91.77083333333331,42.92666666666665,test_image_002.jpg,77.6270700968368
DeepFace,opencv,Facenet,100.0,100.0,100.0,100.0,0.6775023937225342,40.65,42.800000000000004,test_image_002.jpg,98.7218029832842
DeepFace,ssd,Facenet,100.0,100.0,100.0,100.0,0.6196882724761963,34.028125,42.762499999999996,test_image_002.jpg,98.83087689650698
DeepFace,mtcnn,Facenet,100.0,100.0,100.0,100.0,1.278390884399414,41.11346153846153,42.7,test_image_002.jpg,97.58814813087552
DeepFace,yunet,Facenet,100.0,100.0,100.0,100.0,0.5215961933135986,33.137499999999996,42.666666666666664,test_image_002.jpg,99.01594045364097
DeepFace,retinaface,Facenet512,100.0,100.0,100.0,100.0,11.876513719558716,92.18833333333333,44.00999999999999,test_image_002.jpg,77.59340107727908
DeepFace,opencv,Facenet512,100.0,100.0,100.0,100.0,0.6878752708435059,39.715625,43.800000000000004,test_image_002.jpg,98.70223319177698
DeepFace,ssd,Facenet512,100.0,100.0,100.0,100.0,0.6337578296661377,34.7,43.542857142857144,test_image_002.jpg,98.80433283379469
DeepFace,mtcnn,Facenet512,100.0,100.0,100.0,100.0,1.2894055843353271,42.51785714285713,43.32857142857143,test_image_002.jpg,97.5673674565509
DeepFace,yunet,Facenet512,100.0,100.0,100.0,100.0,0.5307471752166748,31.974999999999998,43.1,test_image_002.jpg,98.99867592752724
DeepFace,retinaface,GhostFaceNet,100.0,100.0,100.0,100.0,11.830575942993164,94.07499999999999,44.496666666666655,test_image_002.jpg,77.68006871049292
DeepFace,opencv,GhostFaceNet,100.0,100.0,100.0,100.0,0.6322569847106934,40.443749999999994,44.05,test_image_002.jpg,98.80716437440972
DeepFace,ssd,GhostFaceNet,100.0,100.0,100.0,100.0,0.5817153453826904,34.9875,44.0,test_image_002.jpg,98.90251779781833
DeepFace,mtcnn,GhostFaceNet,100.0,100.0,100.0,100.0,1.241344690322876,41.58392857142858,43.60714285714285,test_image_002.jpg,97.65804062895089
DeepFace,yunet,GhostFaceNet,100.0,100.0,100.0,100.0,0.48584651947021484,30.804166666666664,43.38333333333333,test_image_002.jpg,99.08338689645588
DeepFace,retinaface,OpenFace,100.0,100.0,100.0,100.0,11.640092849731445,96.7025,42.993333333333325,test_image_002.jpg,78.03944001869473
DeepFace,opencv,OpenFace,0.0,0.0,0.0,0.0,0.45471930503845215,40.38333333333333,42.56666666666667,test_image_002.jpg,99.14211246406126
DeepFace,ssd,OpenFace,100.0,100.0,100.0,100.0,0.3983609676361084,33.480000000000004,42.5,test_image_002.jpg,99.24843985035864
DeepFace,mtcnn,OpenFace,0.0,0.0,0.0,0.0,1.0835871696472168,43.404545454545456,42.34545454545455,test_image_002.jpg,97.95567085750871
DeepFace,yunet,OpenFace,100.0,100.0,100.0,100.0,0.3094210624694824,29.643749999999997,42.15,test_image_002.jpg,99.41623663233948
DeepFace,retinaface,SFace,0.0,0.0,0.0,0.0,11.591184616088867,98.92333333333332,43.336666666666666,test_image_002.jpg,78.13171180830614
DeepFace,opencv,SFace,100.0,100.0,100.0,100.0,0.36628079414367676,45.58,42.8,test_image_002.jpg,99.30896330006698
DeepFace,ssd,SFace,0.0,0.0,0.0,0.0,0.3209519386291504,37.887499999999996,42.8,test_image_002.jpg,99.39448212395108
DeepFace,mtcnn,SFace,0.0,0.0,0.0,0.0,1.0110621452331543,45.64772727272727,42.790909090909096,test_image_002.jpg,98.09249881664542
DeepFace,yunet,SFace,100.0,100.0,100.0,100.0,0.22826743125915527,27.925,42.70000000000001,test_image_002.jpg,99.56934358852122
FaceRecognition,-,hog,100.0,100.0,100.0,100.0,0.29250574111938477,28.75,42.7,test_image_002.jpg,99.44814960192723
InsightFace,-,buffalo_l,100.0,100.0,100.0,100.0,1.3307750225067139,71.46363636363637,44.95454545454545,test_image_002.jpg,97.48931859215747
DeepFace,retinaface,VGG-Face,100.0,100.0,100.0,100.0,16.97529911994934,85.40666666666665,42.82666666666667,test_image_003.webp,67.97387449251775
DeepFace,opencv,VGG-Face,100.0,100.0,100.0,100.0,8.06982135772705,44.269999999999996,44.29999999999999,test_image_003.webp,84.77522488414928
DeepFace,ssd,VGG-Face,0.0,0.0,0.0,0.0,0.30563807487487793,25.143749999999997,44.675,test_image_003.webp,99.42337373399772
DeepFace,mtcnn,VGG-Face,100.0,100.0,100.0,100.0,33.73632597923279,54.21333333333334,44.59666666666666,test_image_003.webp,36.35200167386108
DeepFace,yunet,VGG-Face,0.0,0.0,0.0,0.0,0.2906186580657959,23.95625,43.49999999999999,test_image_003.webp,99.45170983131052
DeepFace,retinaface,ArcFace,100.0,100.0,100.0,100.0,16.55965232849121,84.92333333333333,43.563333333333325,test_image_003.webp,68.75804661319495
DeepFace,opencv,ArcFace,100.0,100.0,100.0,100.0,7.674764394760132,38.75750000000001,44.04333333333334,test_image_003.webp,85.52055159616665
DeepFace,ssd,ArcFace,0.0,0.0,0.0,0.0,0.2728102207183838,26.274999999999995,44.13333333333333,test_image_003.webp,99.48530778122294
DeepFace,mtcnn,ArcFace,100.0,100.0,100.0,100.0,33.14819383621216,49.53583333333334,46.20333333333334,test_image_003.webp,37.46159000536963
DeepFace,yunet,ArcFace,0.0,0.0,0.0,0.0,0.26545023918151855,23.849999999999998,45.13333333333333,test_image_003.webp,99.49919335052967
DeepFace,retinaface,DeepFace,0.0,0.0,0.0,0.0,10.677587509155273,25.203333333333333,45.096666666666664,test_image_003.webp,79.85533242925548
DeepFace,opencv,DeepFace,0.0,0.0,0.0,0.0,6.322352647781372,25.5,45.336666666666666,test_image_003.webp,88.07205351907737
DeepFace,ssd,DeepFace,0.0,0.0,0.0,0.0,0.2559630870819092,25.991666666666664,45.4,test_image_003.webp,99.51709210575652
DeepFace,mtcnn,DeepFace,0.0,0.0,0.0,0.0,29.94660997390747,25.325833333333332,49.03999999999999,test_image_003.webp,43.50179736032583
DeepFace,yunet,DeepFace,0.0,0.0,0.0,0.0,0.24642419815063477,23.925,46.475,test_image_003.webp,99.5350884692937
DeepFace,retinaface,DeepID,0.0,0.0,0.0,0.0,16.215685606002808,89.31749999999998,43.23666666666668,test_image_003.webp,69.40698489386801
DeepFace,opencv,DeepID,0.0,0.0,0.0,0.0,7.389655113220215,36.17666666666667,43.60666666666669,test_image_003.webp,86.05844760432682
DeepFace,ssd,DeepID,0.0,0.0,0.0,0.0,0.26247382164001465,23.8875,43.8,test_image_003.webp,99.50480875212426
DeepFace,mtcnn,DeepID,0.0,0.0,0.0,0.0,32.813600063323975,46.350833333333334,47.443333333333314,test_image_003.webp,38.09284498879115
DeepFace,yunet,DeepID,0.0,0.0,0.0,0.0,0.24607634544372559,22.625,46.1,test_image_003.webp,99.53574473899303
DeepFace,retinaface,Dlib,100.0,100.0,100.0,100.0,16.26065707206726,89.12083333333332,43.09666666666666,test_image_003.webp,69.32214033199853
DeepFace,opencv,Dlib,100.0,100.0,100.0,100.0,7.41357421875,37.27833333333333,44.29999999999998,test_image_003.webp,86.01332107840756
DeepFace,ssd,Dlib,0.0,0.0,0.0,0.0,0.26261067390441895,43.15,44.03333333333333,test_image_003.webp,99.5045505624002
DeepFace,mtcnn,Dlib,100.0,100.0,100.0,100.0,32.81320118904114,46.38,45.20000000000001,test_image_003.webp,38.093597517377155
DeepFace,yunet,Dlib,0.0,0.0,0.0,0.0,0.2527308464050293,44.224999999999994,44.5,test_image_003.webp,99.52319015120814
DeepFace,retinaface,Facenet,100.0,100.0,100.0,100.0,16.48270034790039,82.60833333333335,43.36666666666667,test_image_003.webp,68.90322660507825
DeepFace,opencv,Facenet,100.0,100.0,100.0,100.0,7.695183753967285,37.07666666666667,43.37666666666666,test_image_003.webp,85.48202780014222
DeepFace,ssd,Facenet,0.0,0.0,0.0,0.0,0.26624226570129395,24.85625,44.275,test_image_003.webp,99.4976990887468
DeepFace,mtcnn,Facenet,100.0,100.0,100.0,100.0,33.01454567909241,47.01083333333334,46.51666666666666,test_image_003.webp,37.71373476131863
DeepFace,yunet,Facenet,0.0,0.0,0.0,0.0,0.25460076332092285,26.075,45.775000000000006,test_image_003.webp,99.5196623079923
DeepFace,retinaface,Facenet512,100.0,100.0,100.0,100.0,16.526455640792847,83.04583333333332,42.75666666666667,test_image_003.webp,68.82067651321309
DeepFace,opencv,Facenet512,100.0,100.0,100.0,100.0,7.715686082839966,37.05166666666667,44.25333333333332,test_image_003.webp,85.44334747097497
DeepFace,ssd,Facenet512,0.0,0.0,0.0,0.0,0.2857670783996582,28.4125,44.175000000000004,test_image_003.webp,99.46086297189434
DeepFace,mtcnn,Facenet512,100.0,100.0,100.0,100.0,32.944955825805664,46.635000000000005,45.279999999999994,test_image_003.webp,37.845025135624276
DeepFace,yunet,Facenet512,0.0,0.0,0.0,0.0,0.26250529289245605,25.037499999999998,45.05,test_image_003.webp,99.50474937748388
DeepFace,retinaface,GhostFaceNet,100.0,100.0,100.0,100.0,16.47134757041931,82.63000000000001,43.05333333333333,test_image_003.webp,68.92464510697907
DeepFace,opencv,GhostFaceNet,100.0,100.0,100.0,100.0,7.652721643447876,36.62083333333333,43.78,test_image_003.webp,85.56213813405729
DeepFace,ssd,GhostFaceNet,0.0,0.0,0.0,0.0,0.275942325592041,23.241666666666664,43.666666666666664,test_image_003.webp,99.47939865508162
DeepFace,mtcnn,GhostFaceNet,100.0,100.0,100.0,100.0,32.82475733757019,46.33833333333333,45.98333333333334,test_image_003.webp,38.071795329353286
DeepFace,yunet,GhostFaceNet,0.0,0.0,0.0,0.0,0.2637827396392822,22.058333333333334,45.20000000000001,test_image_003.webp,99.50233930685397
DeepFace,retinaface,OpenFace,0.0,0.0,0.0,0.0,16.28920269012451,86.95416666666667,44.183333333333316,test_image_003.webp,69.26828528413573
DeepFace,opencv,OpenFace,0.0,0.0,0.0,0.0,7.475188255310059,36.53916666666667,44.08000000000002,test_image_003.webp,85.89707812716695
DeepFace,ssd,OpenFace,0.0,0.0,0.0,0.0,0.2636861801147461,25.525,44.025000000000006,test_image_003.webp,99.50252147904605
DeepFace,mtcnn,OpenFace,0.0,0.0,0.0,0.0,32.89292097091675,46.66916666666667,45.92666666666665,test_image_003.webp,37.94319570579571
DeepFace,yunet,OpenFace,0.0,0.0,0.0,0.0,0.25117063522338867,23.724999999999998,45.0,test_image_003.webp,99.5261336939857
DeepFace,retinaface,SFace,100.0,100.0,100.0,100.0,16.22030758857727,88.84500000000001,42.983333333333334,test_image_003.webp,69.39826491827424
DeepFace,opencv,SFace,100.0,100.0,100.0,100.0,7.398142099380493,35.97833333333333,44.26333333333332,test_image_003.webp,86.0424357931635
DeepFace,ssd,SFace,0.0,0.0,0.0,0.0,0.2619776725769043,27.34375,44.55,test_image_003.webp,99.50574480232599
DeepFace,mtcnn,SFace,100.0,100.0,100.0,100.0,32.796287059783936,46.12,46.65,test_image_003.webp,38.12550823792549
DeepFace,yunet,SFace,0.0,0.0,0.0,0.0,0.25344133377075195,27.9,44.72500000000001,test_image_003.webp,99.5218497237208
FaceRecognition,-,hog,100.0,100.0,100.0,100.0,8.989160776138306,25.955,44.60000000000002,test_image_003.webp,83.04077064037025
InsightFace,-,buffalo_l,100.0,100.0,100.0,100.0,1.3485796451568604,71.12272727272727,46.42727272727273,test_image_003.webp,97.45572783917116
DeepFace,retinaface,VGG-Face,37.5,37.5,100.0,54.54545454545454,53.00453567504883,93.84333333333332,43.17333333333337,test_image_004.webp,0.0
DeepFace,opencv,VGG-Face,12.5,16.666666666666664,33.33333333333333,22.22222222222222,3.63995099067688,67.57249999999998,42.650000000000006,test_image_004.webp,93.1327556324763
DeepFace,ssd,VGG-Face,0.0,0.0,0.0,0.0,0.09681987762451172,6.825,42.5,test_image_004.webp,99.81733661772253
DeepFace,mtcnn,VGG-Face,50.0,50.0,100.0,66.66666666666666,5.657812118530273,66.7375,42.56666666666667,test_image_004.webp,89.32579628049905
DeepFace,yunet,VGG-Face,0.0,0.0,0.0,0.0,0.0825796127319336,17.7125,42.3,test_image_004.webp,99.84420274287808
DeepFace,retinaface,ArcFace,37.5,37.5,100.0,54.54545454545454,51.38317680358887,94.945,42.48999999999999,test_image_004.webp,3.058905904581277
DeepFace,opencv,ArcFace,28.57142857142857,33.33333333333333,66.66666666666666,44.44444444444444,1.9694843292236328,56.68375000000001,42.59500000000001,test_image_004.webp,96.28430981586592
DeepFace,ssd,ArcFace,0.0,0.0,0.0,0.0,0.06623029708862305,26.35,42.5,test_image_004.webp,99.87504786855477
DeepFace,mtcnn,ArcFace,28.57142857142857,33.33333333333333,66.66666666666666,44.44444444444444,3.986046075820923,44.42416666666667,43.58666666666667,test_image_004.webp,92.4798019168437
DeepFace,yunet,ArcFace,0.0,0.0,0.0,0.0,0.05305027961730957,33.075,43.5,test_image_004.webp,99.8999136980606
DeepFace,retinaface,DeepFace,0.0,0.0,0.0,0.0,7.0362091064453125,71.40583333333333,43.55,test_image_004.webp,86.72526979656665
DeepFace,opencv,DeepFace,0.0,0.0,0.0,0.0,0.2102675437927246,40.275,43.4,test_image_004.webp,99.6033027341626
DeepFace,ssd,DeepFace,0.0,0.0,0.0,0.0,0.04413270950317383,45.775,43.4,test_image_004.webp,99.91673786225817
DeepFace,mtcnn,DeepFace,0.0,0.0,0.0,0.0,1.8822221755981445,39.22894736842105,43.92105263157894,test_image_004.webp,96.44894129978357
DeepFace,yunet,DeepFace,0.0,0.0,0.0,0.0,0.03928112983703613,20.8,43.8,test_image_004.webp,99.925891002842
DeepFace,retinaface,DeepID,10.0,12.5,33.33333333333333,18.181818181818183,49.39336633682251,98.65416666666667,43.24333333333334,test_image_004.webp,6.812944009858057
DeepFace,opencv,DeepID,12.5,16.666666666666664,33.33333333333333,22.22222222222222,0.3205578327178955,52.20625,43.2,test_image_004.webp,99.39522565637945
DeepFace,ssd,DeepID,0.0,0.0,0.0,0.0,0.04871559143066406,12.5,43.2,test_image_004.webp,99.90809165515698
DeepFace,mtcnn,DeepID,12.5,16.666666666666664,33.33333333333333,22.22222222222222,2.3688066005706787,37.39099999999999,43.16800000000001,test_image_004.webp,95.53093604084573
DeepFace,yunet,DeepID,0.0,0.0,0.0,0.0,0.043029069900512695,10.0,43.1,test_image_004.webp,99.91882002294236
DeepFace,retinaface,Dlib,10.0,12.5,33.33333333333333,18.181818181818183,49.81185173988342,98.93,43.99,test_image_004.webp,6.023416476541876
DeepFace,opencv,Dlib,28.57142857142857,33.33333333333333,66.66666666666666,44.44444444444444,0.49289798736572266,82.90833333333333,43.9,test_image_004.webp,99.07008337854802
DeepFace,ssd,Dlib,0.0,0.0,0.0,0.0,0.0485687255859375,85.0,43.9,test_image_004.webp,99.90836873681208
DeepFace,mtcnn,Dlib,28.57142857142857,33.33333333333333,66.66666666666666,44.44444444444444,2.5463056564331055,52.13055555555555,43.551851851851836,test_image_004.webp,95.19606082007101
DeepFace,yunet,Dlib,0.0,0.0,0.0,0.0,0.0403592586517334,55.675,43.3,test_image_004.webp,99.92385697160114
DeepFace,retinaface,Facenet,37.5,37.5,100.0,54.54545454545454,51.87956762313843,92.39333333333333,43.776666666666664,test_image_004.webp,2.1223995976630383
DeepFace,opencv,Facenet,50.0,50.0,100.0,66.66666666666666,2.1795156002044678,37.813636363636355,43.02727272727272,test_image_004.webp,95.88805830963926
DeepFace,ssd,Facenet,0.0,0.0,0.0,0.0,0.06157565116882324,21.2125,42.8,test_image_004.webp,99.88382946782833
DeepFace,mtcnn,Facenet,50.0,50.0,100.0,66.66666666666666,4.259255886077881,30.544166666666666,43.75,test_image_004.webp,91.96435582005698
DeepFace,yunet,Facenet,0.0,0.0,0.0,0.0,0.0424342155456543,17.6,43.5,test_image_004.webp,99.9199422936071
DeepFace,retinaface,Facenet512,37.5,37.5,100.0,54.54545454545454,51.86449480056763,92.5875,42.63000000000002,test_image_004.webp,2.1508364519413403
DeepFace,opencv,Facenet512,50.0,50.0,100.0,66.66666666666666,2.234022378921509,37.39347826086957,42.37391304347824,test_image_004.webp,95.78522413135082
DeepFace,ssd,Facenet512,0.0,0.0,0.0,0.0,0.06975126266479492,25.8,42.3,test_image_004.webp,99.86840510575847
DeepFace,mtcnn,Facenet512,50.0,50.0,100.0,66.66666666666666,4.290733337402344,31.08999999999999,42.763333333333335,test_image_004.webp,91.90496948467346
DeepFace,yunet,Facenet512,0.0,0.0,0.0,0.0,0.055887699127197266,27.512500000000003,42.7,test_image_004.webp,99.89456053446101
DeepFace,retinaface,GhostFaceNet,10.0,12.5,33.33333333333333,18.181818181818183,51.51380705833435,92.63166666666666,43.94666666666668,test_image_004.webp,2.812454816798282
DeepFace,opencv,GhostFaceNet,50.0,50.0,100.0,66.66666666666666,1.8988144397735596,37.44473684210526,43.65263157894737,test_image_004.webp,96.41763781987548
DeepFace,ssd,GhostFaceNet,0.0,0.0,0.0,0.0,0.07097911834716797,16.025,43.55,test_image_004.webp,99.86608859516795
DeepFace,mtcnn,GhostFaceNet,28.57142857142857,33.33333333333333,66.66666666666666,44.44444444444444,3.918149709701538,31.874166666666657,42.89333333333332,test_image_004.webp,92.60789730576595
DeepFace,yunet,GhostFaceNet,0.0,0.0,0.0,0.0,0.05478382110595703,5.55,42.7,test_image_004.webp,99.89664314495307
DeepFace,retinaface,OpenFace,10.0,12.5,33.33333333333333,18.181818181818183,50.08246469497681,98.21833333333333,44.69333333333332,test_image_004.webp,5.51286968720216
DeepFace,opencv,OpenFace,28.57142857142857,33.33333333333333,66.66666666666666,44.44444444444444,0.8856768608093262,38.5025,43.959999999999994,test_image_004.webp,98.32905458083987
DeepFace,ssd,OpenFace,0.0,0.0,0.0,0.0,0.048948049545288086,23.55,43.9,test_image_004.webp,99.90765309247237
DeepFace,mtcnn,OpenFace,0.0,0.0,0.0,0.0,2.9371182918548584,36.15333333333333,43.99,test_image_004.webp,94.45874158796288
DeepFace,yunet,OpenFace,0.0,0.0,0.0,0.0,0.04289436340332031,5.55,44.0,test_image_004.webp,99.9190741643955
DeepFace,retinaface,SFace,22.22222222222222,25.0,66.66666666666666,36.36363636363637,49.5316526889801,98.62583333333332,43.283333333333324,test_image_004.webp,6.552048691379331
DeepFace,opencv,SFace,12.5,16.666666666666664,33.33333333333333,22.22222222222222,0.3899648189544678,64.67,43.2,test_image_004.webp,99.26428028471904
DeepFace,ssd,SFace,0.0,0.0,0.0,0.0,0.04882097244262695,15.275,43.2,test_image_004.webp,99.90789284007329
DeepFace,mtcnn,SFace,12.5,16.666666666666664,33.33333333333333,22.22222222222222,2.4408488273620605,39.918,43.28800000000001,test_image_004.webp,95.39501894266937
DeepFace,yunet,SFace,0.0,0.0,0.0,0.0,0.04085421562194824,26.825,43.1,test_image_004.webp,99.92292317043882
FaceRecognition,-,hog,50.0,50.0,100.0,66.66666666666666,0.5543017387390137,30.875,43.08,test_image_004.webp,98.95423715785904
InsightFace,-,buffalo_l,22.22222222222222,25.0,66.66666666666666,36.36363636363637,3.568453311920166,94.92416666666666,46.10999999999999,test_image_004.webp,93.26764536945096
DeepFace,retinaface,VGG-Face,100.0,100.0,100.0,100.0,14.767683029174805,91.2,43.45000000000002,test_image_005.jpg,72.13883143942624
DeepFace,opencv,VGG-Face,100.0,100.0,100.0,100.0,4.605142116546631,36.747499999999995,43.33333333333331,test_image_005.jpg,91.3117961361287
DeepFace,ssd,VGG-Face,100.0,100.0,100.0,100.0,3.1548988819122314,35.16583333333333,42.87666666666665,test_image_005.jpg,94.04786997615874
DeepFace,mtcnn,VGG-Face,100.0,100.0,100.0,100.0,17.450897216796875,37.749166666666675,46.243333333333325,test_image_005.jpg,67.07659638076662
DeepFace,yunet,VGG-Face,100.0,100.0,100.0,100.0,0.906315803527832,52.1275,45.55000000000001,test_image_005.jpg,98.29011651175644
DeepFace,retinaface,ArcFace,100.0,100.0,100.0,100.0,14.383769512176514,93.11333333333332,44.21666666666667,test_image_005.jpg,72.8631345808629
DeepFace,opencv,ArcFace,100.0,100.0,100.0,100.0,4.24895977973938,37.05583333333334,43.78,test_image_005.jpg,91.9837807734263
DeepFace,ssd,ArcFace,100.0,100.0,100.0,100.0,2.851949691772461,31.396666666666665,44.35333333333333,test_image_005.jpg,94.6194233088717
DeepFace,mtcnn,ArcFace,100.0,100.0,100.0,100.0,16.881751775741577,31.915,46.446666666666644,test_image_005.jpg,68.15036381181162
DeepFace,yunet,ArcFace,100.0,100.0,100.0,100.0,0.6057283878326416,39.40714285714286,45.97142857142857,test_image_005.jpg,98.8572140475937
DeepFace,retinaface,DeepFace,0.0,0.0,0.0,0.0,8.096724033355713,43.51583333333333,44.21666666666667,test_image_005.jpg,84.72446946239897
DeepFace,opencv,DeepFace,0.0,0.0,0.0,0.0,3.6759085655212402,45.72,43.45000000000002,test_image_005.jpg,93.06491695718859
DeepFace,ssd,DeepFace,0.0,0.0,0.0,0.0,2.3786795139312744,26.127,43.89199999999998,test_image_005.jpg,95.51230949646634
DeepFace,mtcnn,DeepFace,0.0,0.0,0.0,0.0,16.0536630153656,30.979166666666668,48.92000000000002,test_image_005.jpg,69.71266173562077
DeepFace,yunet,DeepFace,0.0,0.0,0.0,0.0,0.1817607879638672,21.516666666666666,46.93333333333334,test_image_005.jpg,99.6570844633407
DeepFace,retinaface,DeepID,100.0,100.0,100.0,100.0,13.98689889907837,96.74083333333333,43.77666666666664,test_image_005.jpg,73.61188298143604
DeepFace,opencv,DeepID,0.0,0.0,0.0,0.0,3.958482503890991,41.4625,43.58666666666669,test_image_005.jpg,92.53180420604194
DeepFace,ssd,DeepID,0.0,0.0,0.0,0.0,2.566725730895996,27.83425925925926,43.90740740740739,test_image_005.jpg,95.15753567462293
DeepFace,mtcnn,DeepID,0.0,0.0,0.0,0.0,16.623913764953613,30.887500000000003,45.63666666666667,test_image_005.jpg,68.63680899523644
DeepFace,yunet,DeepID,0.0,0.0,0.0,0.0,0.3321683406829834,30.64375,44.95,test_image_005.jpg,99.37332091215858
DeepFace,retinaface,Dlib,100.0,100.0,100.0,100.0,13.992311000823975,97.12666666666665,43.08666666666668,test_image_005.jpg,73.60167234252243
DeepFace,opencv,Dlib,100.0,100.0,100.0,100.0,3.9951257705688477,40.25333333333334,43.21333333333334,test_image_005.jpg,92.46267188328659
DeepFace,ssd,Dlib,100.0,100.0,100.0,100.0,2.597978115081787,30.654629629629632,43.89259259259258,test_image_005.jpg,95.09857395787971
DeepFace,mtcnn,Dlib,100.0,100.0,100.0,100.0,16.647812604904175,30.522499999999997,47.09000000000002,test_image_005.jpg,68.59172070298712
DeepFace,yunet,Dlib,100.0,100.0,100.0,100.0,0.3537330627441406,49.3,46.379999999999995,test_image_005.jpg,99.33263623907067
DeepFace,retinaface,Facenet,100.0,100.0,100.0,100.0,14.303106546401978,89.61166666666665,44.0,test_image_005.jpg,73.01531583242418
DeepFace,opencv,Facenet,100.0,100.0,100.0,100.0,4.284392833709717,34.15833333333333,43.87999999999998,test_image_005.jpg,91.91693167547822
DeepFace,ssd,Facenet,100.0,100.0,100.0,100.0,2.88594126701355,28.728333333333335,44.00666666666667,test_image_005.jpg,94.55529374937612
DeepFace,mtcnn,Facenet,100.0,100.0,100.0,100.0,16.952061414718628,30.57833333333333,46.74999999999998,test_image_005.jpg,68.01771546751124
DeepFace,yunet,Facenet,100.0,100.0,100.0,100.0,0.6247572898864746,33.25714285714286,45.04285714285714,test_image_005.jpg,98.82131353113509
DeepFace,retinaface,Facenet512,100.0,100.0,100.0,100.0,14.304688692092896,91.19333333333334,43.10000000000001,test_image_005.jpg,73.01233090732151
DeepFace,opencv,Facenet512,100.0,100.0,100.0,100.0,4.3011250495910645,34.12083333333333,43.09666666666666,test_image_005.jpg,91.8853641583436
DeepFace,ssd,Facenet512,100.0,100.0,100.0,100.0,2.8879995346069336,28.375833333333333,43.56333333333334,test_image_005.jpg,94.55141055793378
DeepFace,mtcnn,Facenet512,100.0,100.0,100.0,100.0,16.90090775489807,30.314166666666665,46.23000000000002,test_image_005.jpg,68.11422354775208
DeepFace,yunet,Facenet512,100.0,100.0,100.0,100.0,0.6540358066558838,30.675,46.275,test_image_005.jpg,98.76607577384408
DeepFace,retinaface,GhostFaceNet,100.0,100.0,100.0,100.0,14.236159324645996,91.9875,44.25333333333334,test_image_005.jpg,73.14162053616955
DeepFace,opencv,GhostFaceNet,100.0,100.0,100.0,100.0,4.235387325286865,35.67166666666666,43.96666666666663,test_image_005.jpg,92.00938698670534
DeepFace,ssd,GhostFaceNet,100.0,100.0,100.0,100.0,2.8408193588256836,28.36896551724138,44.3,test_image_005.jpg,94.64042214001893
DeepFace,mtcnn,GhostFaceNet,0.0,0.0,0.0,0.0,16.83852529525757,30.540833333333328,45.533333333333324,test_image_005.jpg,68.23191622979525
DeepFace,yunet,GhostFaceNet,100.0,100.0,100.0,100.0,0.5980038642883301,32.93571428571429,44.65714285714285,test_image_005.jpg,98.87178737315148
DeepFace,retinaface,OpenFace,0.0,0.0,0.0,0.0,14.058923482894897,95.86833333333334,44.23000000000001,test_image_005.jpg,73.47599916904291
DeepFace,opencv,OpenFace,0.0,0.0,0.0,0.0,4.091310024261475,39.044999999999995,43.86000000000002,test_image_005.jpg,92.28120768882161
DeepFace,ssd,OpenFace,0.0,0.0,0.0,0.0,2.661881923675537,27.820535714285715,44.58928571428572,test_image_005.jpg,94.97801105174368
DeepFace,mtcnn,OpenFace,0.0,0.0,0.0,0.0,16.707200288772583,30.191666666666666,46.416666666666664,test_image_005.jpg,68.4796780577454
DeepFace,yunet,OpenFace,100.0,100.0,100.0,100.0,0.4085698127746582,31.745000000000005,45.339999999999996,test_image_005.jpg,99.229179526674
DeepFace,retinaface,SFace,100.0,100.0,100.0,100.0,13.982699155807495,96.81750000000001,42.97666666666668,test_image_005.jpg,73.6198063472714
DeepFace,opencv,SFace,100.0,100.0,100.0,100.0,3.972301721572876,39.557500000000005,43.15666666666668,test_image_005.jpg,92.5057324416054
DeepFace,ssd,SFace,0.0,0.0,0.0,0.0,2.5805234909057617,27.72307692307692,43.892307692307675,test_image_005.jpg,95.13150439289574
DeepFace,mtcnn,SFace,0.0,0.0,0.0,0.0,16.5830659866333,30.591666666666665,45.06666666666667,test_image_005.jpg,68.7138736799848
DeepFace,yunet,SFace,100.0,100.0,100.0,100.0,0.33066344261169434,35.589999999999996,43.480000000000004,test_image_005.jpg,99.37616009950759
FaceRecognition,-,hog,100.0,100.0,100.0,100.0,4.858341693878174,25.227500000000003,43.279999999999994,test_image_005.jpg,90.8341019650415
InsightFace,-,buffalo_l,100.0,100.0,100.0,100.0,1.3079073429107666,72.98409090909091,45.14545454545455,test_image_005.jpg,97.53246146531862
DeepFace,retinaface,VGG-Face,50.0,50.0,100.0,66.66666666666666,20.060471057891846,94.37249999999999,43.61000000000003,test_image_006.jpg,62.153293482514094
DeepFace,opencv,VGG-Face,0.0,0.0,0.0,0.0,2.4961423873901367,54.712499999999984,43.04615384615385,test_image_006.jpg,95.29070039837146
DeepFace,ssd,VGG-Face,0.0,0.0,0.0,0.0,0.09891605377197266,10.0,42.9,test_image_006.jpg,99.81338190682702
DeepFace,mtcnn,VGG-Face,50.0,50.0,100.0,66.66666666666666,4.663783073425293,53.995,43.09333333333333,test_image_006.jpg,91.20116228917234
DeepFace,yunet,VGG-Face,100.0,100.0,100.0,100.0,0.7011463642120361,56.690625000000004,42.6,test_image_006.jpg,98.67719553566037
DeepFace,retinaface,ArcFace,50.0,50.0,100.0,66.66666666666666,19.489721536636353,95.085,42.943333333333335,test_image_006.jpg,63.23008722098686
DeepFace,opencv,ArcFace,0.0,0.0,0.0,0.0,1.9010851383209229,48.6375,42.959999999999994,test_image_006.jpg,96.41335384961059
DeepFace,ssd,ArcFace,0.0,0.0,0.0,0.0,0.07355499267578125,29.425,42.9,test_image_006.jpg,99.86122887081453
DeepFace,mtcnn,ArcFace,50.0,50.0,100.0,66.66666666666666,4.079971790313721,54.73166666666666,45.03333333333332,test_image_006.jpg,92.30259875244164
DeepFace,yunet,ArcFace,100.0,100.0,100.0,100.0,0.3991281986236572,44.22,45.22,test_image_006.jpg,99.24699236859547
DeepFace,retinaface,DeepFace,0.0,0.0,0.0,0.0,7.904952526092529,83.92416666666666,43.39333333333332,test_image_006.jpg,85.08627153239325
DeepFace,opencv,DeepFace,0.0,0.0,0.0,0.0,1.0935711860656738,42.97291666666666,43.28333333333334,test_image_006.jpg,97.93683470265648
DeepFace,ssd,DeepFace,0.0,0.0,0.0,0.0,0.05376386642456055,16.1375,43.2,test_image_006.jpg,99.8985674230708
DeepFace,mtcnn,DeepFace,0.0,0.0,0.0,0.0,2.8232529163360596,47.172321428571436,44.50714285714287,test_image_006.jpg,94.67356353493147
DeepFace,yunet,DeepFace,0.0,0.0,0.0,0.0,0.04349017143249512,16.025,44.3,test_image_006.jpg,99.91795009449925
DeepFace,retinaface,DeepID,0.0,0.0,0.0,0.0,19.041707754135132,98.84583333333332,43.07333333333334,test_image_006.jpg,64.07532391025404
DeepFace,opencv,DeepID,0.0,0.0,0.0,0.0,1.3548030853271484,44.513333333333335,42.82666666666666,test_image_006.jpg,97.44398650403629
DeepFace,ssd,DeepID,0.0,0.0,0.0,0.0,0.0567626953125,7.5,42.7,test_image_006.jpg,99.89290973953533
DeepFace,mtcnn,DeepID,0.0,0.0,0.0,0.0,3.5461061000823975,50.957499999999996,44.21666666666667,test_image_006.jpg,93.30980631200647
DeepFace,yunet,DeepID,0.0,0.0,0.0,0.0,0.1140279769897461,27.4375,44.150000000000006,test_image_006.jpg,99.78487128405612
DeepFace,retinaface,Dlib,50.0,50.0,100.0,66.66666666666666,19.31552505493164,98.40833333333333,43.92999999999999,test_image_006.jpg,63.55873170298487
DeepFace,opencv,Dlib,0.0,0.0,0.0,0.0,1.4172570705413818,50.431666666666665,43.70000000000001,test_image_006.jpg,97.3261588796286
DeepFace,ssd,Dlib,0.0,0.0,0.0,0.0,0.05775880813598633,86.375,43.4,test_image_006.jpg,99.89103044220576
DeepFace,mtcnn,Dlib,0.0,0.0,0.0,0.0,3.5673961639404297,53.72666666666668,45.33666666666665,test_image_006.jpg,93.26963981759823
DeepFace,yunet,Dlib,100.0,100.0,100.0,100.0,0.14110660552978516,63.35,45.5,test_image_006.jpg,99.73378390408915
DeepFace,retinaface,Facenet,50.0,50.0,100.0,66.66666666666666,19.883049964904785,92.88333333333331,43.48000000000001,test_image_006.jpg,62.4880216161115
DeepFace,opencv,Facenet,0.0,0.0,0.0,0.0,1.9668834209442139,41.17738095238094,43.290476190476184,test_image_006.jpg,96.28921677004692
DeepFace,ssd,Facenet,0.0,0.0,0.0,0.0,0.06336069107055664,17.5,43.2,test_image_006.jpg,99.88046175621838
DeepFace,mtcnn,Facenet,50.0,50.0,100.0,66.66666666666666,4.142327308654785,49.14916666666667,43.71666666666665,test_image_006.jpg,92.18495689868908
DeepFace,yunet,Facenet,100.0,100.0,100.0,100.0,0.41783642768859863,34.135000000000005,42.980000000000004,test_image_006.jpg,99.21169684373767
DeepFace,retinaface,Facenet512,50.0,50.0,100.0,66.66666666666666,19.88939929008484,91.835,43.47333333333333,test_image_006.jpg,62.47604278241512
DeepFace,opencv,Facenet512,0.0,0.0,0.0,0.0,1.9669537544250488,41.368750000000006,42.989999999999995,test_image_006.jpg,96.28908407672182
DeepFace,ssd,Facenet512,0.0,0.0,0.0,0.0,0.07431364059448242,23.95,42.7,test_image_006.jpg,99.8597975821351
DeepFace,mtcnn,Facenet512,50.0,50.0,100.0,66.66666666666666,4.158532381057739,49.00916666666667,43.780000000000015,test_image_006.jpg,92.15438390678081
DeepFace,yunet,Facenet512,100.0,100.0,100.0,100.0,0.43633079528808594,36.26666666666667,43.36666666666667,test_image_006.jpg,99.17680479654973
DeepFace,retinaface,GhostFaceNet,50.0,50.0,100.0,66.66666666666666,19.78690791130066,91.90333333333332,43.57666666666669,test_image_006.jpg,62.66940619458141
DeepFace,opencv,GhostFaceNet,0.0,0.0,0.0,0.0,1.8771698474884033,43.28947368421053,43.02105263157895,test_image_006.jpg,96.45847317860374
DeepFace,ssd,GhostFaceNet,0.0,0.0,0.0,0.0,0.06908869743347168,23.7125,42.849999999999994,test_image_006.jpg,99.86965512186158
DeepFace,mtcnn,GhostFaceNet,50.0,50.0,100.0,66.66666666666666,4.037333011627197,51.94583333333333,44.16000000000001,test_image_006.jpg,92.38304239399702
DeepFace,yunet,GhostFaceNet,100.0,100.0,100.0,100.0,0.384105920791626,28.314999999999998,43.7,test_image_006.jpg,99.27533386360284
DeepFace,retinaface,OpenFace,0.0,0.0,0.0,0.0,19.459882974624634,96.73249999999999,43.01333333333334,test_image_006.jpg,63.28638157699189
DeepFace,opencv,OpenFace,0.0,0.0,0.0,0.0,1.552530288696289,43.94375,42.5,test_image_006.jpg,97.07094823315823
DeepFace,ssd,OpenFace,0.0,0.0,0.0,0.0,0.05833864212036133,12.5,42.45,test_image_006.jpg,99.88993650943758
DeepFace,mtcnn,OpenFace,0.0,0.0,0.0,0.0,3.735907554626465,51.15750000000001,44.09999999999999,test_image_006.jpg,92.95172100453831
DeepFace,yunet,OpenFace,100.0,100.0,100.0,100.0,0.20611095428466797,30.524999999999995,43.666666666666664,test_image_006.jpg,99.6111446847714
DeepFace,retinaface,SFace,50.0,50.0,100.0,66.66666666666666,19.291678190231323,97.73083333333331,43.31333333333332,test_image_006.jpg,63.603721937115985
DeepFace,opencv,SFace,0.0,0.0,0.0,0.0,1.3769443035125732,45.74821428571429,42.899999999999984,test_image_006.jpg,97.40221419549053
DeepFace,ssd,SFace,0.0,0.0,0.0,0.0,0.05829977989196777,30.7875,42.7,test_image_006.jpg,99.89000982812229
DeepFace,mtcnn,SFace,50.0,50.0,100.0,66.66666666666666,3.6053361892700195,51.353333333333346,44.23999999999999,test_image_006.jpg,93.19806098977453
DeepFace,yunet,SFace,100.0,100.0,100.0,100.0,0.14144110679626465,27.775,44.6,test_image_006.jpg,99.73315282363119
FaceRecognition,-,hog,50.0,50.0,100.0,66.66666666666666,0.8622426986694336,28.345,44.580000000000005,test_image_006.jpg,98.37326619752784
InsightFace,-,buffalo_l,0.0,0.0,0.0,0.0,1.6338798999786377,77.55714285714285,47.4357142857143,test_image_006.jpg,96.91747153489779
DeepFace,retinaface,VGG-Face,100.0,100.0,100.0,100.0,25.70603609085083,94.44583333333331,42.900000000000006,test_image_007.png,51.50219549427805
DeepFace,opencv,VGG-Face,50.0,66.66666666666666,66.66666666666666,66.66666666666666,2.451690673828125,61.666,42.84399999999998,test_image_007.png,95.37456437905894
DeepFace,ssd,VGG-Face,33.33333333333333,100.0,33.33333333333333,50.0,1.0274512767791748,47.724999999999994,42.65833333333334,test_image_007.png,98.06157857305251
DeepFace,mtcnn,VGG-Face,100.0,100.0,100.0,100.0,4.697941064834595,52.35916666666667,44.330000000000005,test_image_007.png,91.13671876377538
DeepFace,yunet,VGG-Face,100.0,100.0,100.0,100.0,2.1510791778564453,59.2090909090909,43.79545454545453,test_image_007.png,95.94170734549226
DeepFace,retinaface,ArcFace,100.0,100.0,100.0,100.0,24.860815048217773,94.78749999999998,43.64,test_image_007.png,53.09681571284726
DeepFace,opencv,ArcFace,100.0,100.0,100.0,100.0,1.5561175346374512,53.20468749999999,43.21875000000001,test_image_007.png,97.06418042377084
DeepFace,ssd,ArcFace,33.33333333333333,100.0,33.33333333333333,50.0,0.708690881729126,37.915625000000006,43.0,test_image_007.png,98.66296181505325
DeepFace,mtcnn,ArcFace,100.0,100.0,100.0,100.0,3.8019275665283203,51.09916666666666,43.790000000000006,test_image_007.png,92.8271656036447
DeepFace,yunet,ArcFace,100.0,100.0,100.0,100.0,1.3081774711608887,45.089285714285715,43.35,test_image_007.png,97.53195183298871
DeepFace,retinaface,DeepFace,0.0,0.0,0.0,0.0,7.690186500549316,81.08833333333334,43.45333333333331,test_image_007.png,85.49145577334174
DeepFace,opencv,DeepFace,0.0,0.0,0.0,0.0,0.5636978149414062,44.49285714285714,43.01428571428572,test_image_007.png,98.93651022924297
DeepFace,ssd,DeepFace,0.0,0.0,0.0,0.0,0.33689045906066895,25.0625,43.0,test_image_007.png,99.3644120172545
DeepFace,mtcnn,DeepFace,0.0,0.0,0.0,0.0,2.4580225944519043,42.973076923076924,43.60000000000001,test_image_007.png,95.36261838133791
DeepFace,yunet,DeepFace,0.0,0.0,0.0,0.0,0.33722400665283203,23.98125,43.075,test_image_007.png,99.36378273602806
DeepFace,retinaface,DeepID,20.0,33.33333333333333,33.33333333333333,33.33333333333333,24.01762819290161,98.99916666666667,43.76666666666667,test_image_007.png,54.687598170570176
DeepFace,opencv,DeepID,20.0,33.33333333333333,33.33333333333333,33.33333333333333,0.711740255355835,47.784375,43.199999999999996,test_image_007.png,98.65720877224686
DeepFace,ssd,DeepID,0.0,0.0,0.0,0.0,0.41921544075012207,34.3375,43.199999999999996,test_image_007.png,99.20909515495018
DeepFace,mtcnn,DeepID,50.0,66.66666666666666,66.66666666666666,66.66666666666666,2.9951956272125244,43.18666666666665,43.360000000000014,test_image_007.png,94.34917108683875
DeepFace,yunet,DeepID,0.0,0.0,0.0,0.0,0.46211814880371094,28.14166666666667,42.88333333333333,test_image_007.png,99.12815357606982
DeepFace,retinaface,Dlib,100.0,100.0,100.0,100.0,24.11045789718628,98.00583333333334,42.949999999999996,test_image_007.png,54.5124627730001
DeepFace,opencv,Dlib,100.0,100.0,100.0,100.0,0.8370027542114258,61.675000000000004,42.800000000000004,test_image_007.png,98.42088465911148
DeepFace,ssd,Dlib,33.33333333333333,100.0,33.33333333333333,50.0,0.4499697685241699,41.05,42.8,test_image_007.png,99.15107308687172
DeepFace,mtcnn,Dlib,50.0,66.66666666666666,66.66666666666666,66.66666666666666,3.0719001293182373,48.459166666666654,44.17666666666667,test_image_007.png,94.2044579955366
DeepFace,yunet,Dlib,100.0,100.0,100.0,100.0,0.5799636840820312,52.77499999999999,44.39999999999999,test_image_007.png,98.90582253632486
DeepFace,retinaface,Facenet,100.0,100.0,100.0,100.0,24.972355604171753,91.845,43.93333333333332,test_image_007.png,52.88637984253269
DeepFace,opencv,Facenet,100.0,100.0,100.0,100.0,1.6598844528198242,42.22205882352941,43.64117647058823,test_image_007.png,96.86841053943768
DeepFace,ssd,Facenet,33.33333333333333,100.0,33.33333333333333,50.0,0.7341961860656738,33.37222222222223,43.400000000000006,test_image_007.png,98.61484271729732
DeepFace,mtcnn,Facenet,100.0,100.0,100.0,100.0,3.9125313758850098,44.54166666666666,44.34333333333335,test_image_007.png,92.61849702849716
DeepFace,yunet,Facenet,100.0,100.0,100.0,100.0,1.374699354171753,32.04666666666666,44.01999999999999,test_image_007.png,97.40644958650421
DeepFace,retinaface,Facenet512,100.0,100.0,100.0,100.0,24.965309143066406,91.60333333333332,43.530000000000015,test_image_007.png,52.899673914475045
DeepFace,opencv,Facenet512,100.0,100.0,100.0,100.0,1.6846134662628174,40.70882352941176,43.20000000000001,test_image_007.png,96.82175601614443
DeepFace,ssd,Facenet512,33.33333333333333,100.0,33.33333333333333,50.0,0.7448523044586182,32.56666666666667,43.14444444444445,test_image_007.png,98.59473855402672
DeepFace,mtcnn,Facenet512,100.0,100.0,100.0,100.0,3.9456536769866943,43.54499999999999,43.193333333333335,test_image_007.png,92.5560074685381
DeepFace,yunet,Facenet512,100.0,100.0,100.0,100.0,1.41209077835083,33.07166666666667,43.01333333333333,test_image_007.png,97.33590576661621
DeepFace,retinaface,GhostFaceNet,50.0,66.66666666666666,66.66666666666666,66.66666666666666,24.830305814743042,93.27583333333334,43.176666666666684,test_image_007.png,53.15437537842337
DeepFace,opencv,GhostFaceNet,50.0,66.66666666666666,66.66666666666666,66.66666666666666,1.5256245136260986,41.5390625,43.15625000000001,test_image_007.png,97.12170950241101
DeepFace,ssd,GhostFaceNet,33.33333333333333,100.0,33.33333333333333,50.0,0.6978535652160645,30.375,43.05,test_image_007.png,98.68340783231393
DeepFace,mtcnn,GhostFaceNet,50.0,66.66666666666666,66.66666666666666,66.66666666666666,3.7572669982910156,46.67666666666667,44.52666666666667,test_image_007.png,92.9114236160365
DeepFace,yunet,GhostFaceNet,50.0,66.66666666666666,66.66666666666666,66.66666666666666,1.2473769187927246,31.219230769230766,44.392307692307696,test_image_007.png,97.64666003973711
DeepFace,retinaface,OpenFace,0.0,0.0,0.0,0.0,24.316458702087402,96.2,43.79333333333332,test_image_007.png,54.12381526901282
DeepFace,opencv,OpenFace,20.0,33.33333333333333,33.33333333333333,33.33333333333333,0.9997367858886719,42.40681818181818,43.37272727272727,test_image_007.png,98.11386559063985
DeepFace,ssd,OpenFace,0.0,0.0,0.0,0.0,0.5073404312133789,30.400000000000002,43.300000000000004,test_image_007.png,99.04283581630882
DeepFace,mtcnn,OpenFace,0.0,0.0,0.0,0.0,3.27042555809021,44.645,44.68999999999998,test_image_007.png,93.82991376787078
DeepFace,yunet,OpenFace,0.0,0.0,0.0,0.0,0.7216691970825195,28.30625,44.699999999999996,test_image_007.png,98.6384765230153
DeepFace,retinaface,SFace,50.0,66.66666666666666,66.66666666666666,66.66666666666666,24.118536710739136,97.74583333333334,42.59666666666667,test_image_007.png,54.49722103293018
DeepFace,opencv,SFace,50.0,66.66666666666666,66.66666666666666,66.66666666666666,0.759089469909668,50.571875000000006,42.6,test_image_007.png,98.56787827637362
DeepFace,ssd,SFace,33.33333333333333,100.0,33.33333333333333,50.0,0.43529462814331055,30.304999999999996,42.6,test_image_007.png,99.17875966160341
DeepFace,mtcnn,SFace,50.0,66.66666666666666,66.66666666666666,66.66666666666666,3.0483665466308594,44.15583333333333,44.09333333333332,test_image_007.png,94.24885718211124
DeepFace,yunet,SFace,100.0,100.0,100.0,100.0,0.5109808444976807,30.09166666666667,44.56666666666666,test_image_007.png,99.03596769976382
FaceRecognition,-,hog,20.0,33.33333333333333,33.33333333333333,33.33333333333333,0.723555326461792,28.571875,44.4875,test_image_007.png,98.63491809286351
InsightFace,-,buffalo_l,100.0,100.0,100.0,100.0,1.9394652843475342,83.69264705882354,46.57058823529412,test_image_007.png,96.34094467643736
DeepFace,retinaface,VGG-Face,100.0,100.0,100.0,100.0,9.845121383666992,93.54916666666665,42.48999999999999,test_image_008.webp,81.42588882577184
DeepFace,opencv,VGG-Face,100.0,100.0,100.0,100.0,1.0332696437835693,54.229545454545466,42.463636363636354,test_image_008.webp,98.05060146150856
DeepFace,ssd,VGG-Face,100.0,100.0,100.0,100.0,0.9371170997619629,52.5475,42.36,test_image_008.webp,98.23200583152529
DeepFace,mtcnn,VGG-Face,0.0,0.0,0.0,0.0,1.1285150051116943,46.24166666666667,42.34166666666666,test_image_008.webp,97.87090861048155
DeepFace,yunet,VGG-Face,100.0,100.0,100.0,100.0,0.7148513793945312,58.928125,42.0,test_image_008.webp,98.65133922919914
DeepFace,retinaface,ArcFace,100.0,100.0,100.0,100.0,9.546536922454834,94.90166666666667,43.40333333333332,test_image_008.webp,81.98920752559533
DeepFace,opencv,ArcFace,100.0,100.0,100.0,100.0,0.7067811489105225,46.493750000000006,43.300000000000004,test_image_008.webp,98.66656477618531
DeepFace,ssd,ArcFace,100.0,100.0,100.0,100.0,0.6347064971923828,42.575,43.12500000000001,test_image_008.webp,98.80254304823359
DeepFace,mtcnn,ArcFace,0.0,0.0,0.0,0.0,1.0823957920074463,49.040909090909096,43.10909090909091,test_image_008.webp,97.95791854749334
DeepFace,yunet,ArcFace,100.0,100.0,100.0,100.0,0.4027268886566162,43.45,43.64,test_image_008.webp,99.24020296842974
DeepFace,retinaface,DeepFace,0.0,0.0,0.0,0.0,4.102349519729614,96.5975,42.76666666666666,test_image_008.webp,92.2603802344773
DeepFace,opencv,DeepFace,0.0,0.0,0.0,0.0,0.30875420570373535,32.945,42.7,test_image_008.webp,99.41749474498448
DeepFace,ssd,DeepFace,0.0,0.0,0.0,0.0,0.23626303672790527,26.483333333333334,42.70000000000001,test_image_008.webp,99.554258831402
DeepFace,mtcnn,DeepFace,0.0,0.0,0.0,0.0,1.0613179206848145,47.62954545454546,42.7909090909091,test_image_008.webp,97.99768471288691
DeepFace,yunet,DeepFace,0.0,0.0,0.0,0.0,0.06001138687133789,21.6875,42.9,test_image_008.webp,99.88678065733988
DeepFace,retinaface,DeepID,0.0,0.0,0.0,0.0,9.267726421356201,98.52,42.84,test_image_008.webp,82.51522005933002
DeepFace,opencv,DeepID,0.0,0.0,0.0,0.0,0.42354559898376465,38.720000000000006,42.5,test_image_008.webp,99.20092574420354
DeepFace,ssd,DeepID,0.0,0.0,0.0,0.0,0.34015750885009766,32.85,42.5,test_image_008.webp,99.35824829985216
DeepFace,mtcnn,DeepID,0.0,0.0,0.0,0.0,1.0919303894042969,48.84090909090909,42.60000000000001,test_image_008.webp,97.93993028049803
DeepFace,yunet,DeepID,0.0,0.0,0.0,0.0,0.11562967300415039,24.4625,43.3,test_image_008.webp,99.78184947470716
DeepFace,retinaface,Dlib,0.0,0.0,0.0,0.0,9.292110443115234,98.15916666666665,43.263333333333314,test_image_008.webp,82.46921640804152
DeepFace,opencv,Dlib,100.0,100.0,100.0,100.0,0.4565541744232178,49.98,43.14,test_image_008.webp,99.13865074260403
DeepFace,ssd,Dlib,0.0,0.0,0.0,0.0,0.36745309829711914,50.14,43.1,test_image_008.webp,99.30675159471288
DeepFace,mtcnn,Dlib,0.0,0.0,0.0,0.0,1.0869450569152832,53.475,43.10909090909092,test_image_008.webp,97.94933576330347
DeepFace,yunet,Dlib,100.0,100.0,100.0,100.0,0.14522314071655273,38.125,42.96666666666667,test_image_008.webp,99.72601752120448
DeepFace,retinaface,Facenet,100.0,100.0,100.0,100.0,9.575482606887817,91.8725,43.30666666666665,test_image_008.webp,81.93459770010712
DeepFace,opencv,Facenet,100.0,100.0,100.0,100.0,0.7380669116973877,37.456250000000004,43.199999999999996,test_image_008.webp,98.60754008633864
DeepFace,ssd,Facenet,100.0,100.0,100.0,100.0,0.6611843109130859,34.196875,43.075,test_image_008.webp,98.7525891841284
DeepFace,mtcnn,Facenet,0.0,0.0,0.0,0.0,1.0551588535308838,47.24318181818182,43.16363636363638,test_image_008.webp,98.00930459989374
DeepFace,yunet,Facenet,100.0,100.0,100.0,100.0,0.43555140495300293,33.42,43.06,test_image_008.webp,99.17827521851487
DeepFace,retinaface,Facenet512,100.0,100.0,100.0,100.0,9.59534478187561,90.99,42.52333333333333,test_image_008.webp,81.8971251051021
DeepFace,opencv,Facenet512,100.0,100.0,100.0,100.0,0.7716574668884277,36.428125,42.5,test_image_008.webp,98.5441671037
DeepFace,ssd,Facenet512,100.0,100.0,100.0,100.0,0.6864051818847656,32.321875000000006,42.5,test_image_008.webp,98.70500670717529
DeepFace,mtcnn,Facenet512,0.0,0.0,0.0,0.0,1.1000187397003174,47.51666666666667,42.85833333333332,test_image_008.webp,97.92467054811286
DeepFace,yunet,Facenet512,100.0,100.0,100.0,100.0,0.4436149597167969,33.265,42.86,test_image_008.webp,99.16306226614938
DeepFace,retinaface,GhostFaceNet,100.0,100.0,100.0,100.0,9.529687404632568,93.06666666666665,42.68000000000002,test_image_008.webp,82.02099634820772
DeepFace,opencv,GhostFaceNet,100.0,100.0,100.0,100.0,0.705519437789917,38.12499999999999,42.5,test_image_008.webp,98.66894515949504
DeepFace,ssd,GhostFaceNet,100.0,100.0,100.0,100.0,0.6116483211517334,34.84285714285715,42.5,test_image_008.webp,98.84604531789219
DeepFace,mtcnn,GhostFaceNet,0.0,0.0,0.0,0.0,1.0953998565673828,47.043749999999996,43.13333333333335,test_image_008.webp,97.93338467620418
DeepFace,yunet,GhostFaceNet,100.0,100.0,100.0,100.0,0.38939762115478516,33.019999999999996,43.58,test_image_008.webp,99.26535037766949
DeepFace,retinaface,OpenFace,0.0,0.0,0.0,0.0,9.348828554153442,97.92333333333332,42.19000000000001,test_image_008.webp,82.36221026165073
DeepFace,opencv,OpenFace,100.0,100.0,100.0,100.0,0.5153317451477051,37.153571428571425,42.199999999999996,test_image_008.webp,99.02775915573147
DeepFace,ssd,OpenFace,0.0,0.0,0.0,0.0,0.4355943202972412,31.57,42.2,test_image_008.webp,99.17819425309618
DeepFace,mtcnn,OpenFace,0.0,0.0,0.0,0.0,1.0835609436035156,46.40416666666667,43.058333333333344,test_image_008.webp,97.95572033637569
DeepFace,yunet,OpenFace,0.0,0.0,0.0,0.0,0.20770788192749023,32.425000000000004,43.6,test_image_008.webp,99.60813187158007
DeepFace,retinaface,SFace,100.0,100.0,100.0,100.0,9.261611461639404,98.20333333333332,42.74,test_image_008.webp,82.52675673187873
DeepFace,opencv,SFace,100.0,100.0,100.0,100.0,0.43498873710632324,43.025,42.5,test_image_008.webp,99.17933676511558
DeepFace,ssd,SFace,100.0,100.0,100.0,100.0,0.3535034656524658,35.605000000000004,42.5,test_image_008.webp,99.3330694040607
DeepFace,mtcnn,SFace,0.0,0.0,0.0,0.0,1.0881965160369873,48.55681818181818,42.49999999999999,test_image_008.webp,97.94697472173264
DeepFace,yunet,SFace,100.0,100.0,100.0,100.0,0.13067364692687988,38.61666666666667,43.1,test_image_008.webp,99.75346704718254
FaceRecognition,-,hog,100.0,100.0,100.0,100.0,0.40982699394226074,24.075,43.1,test_image_008.webp,99.22680768971404
InsightFace,-,buffalo_l,0.0,0.0,0.0,0.0,1.3608360290527344,70.49772727272727,45.272727272727266,test_image_008.webp,97.43260456539886
